path,true,pred,correct,confidence
C:\Users\billy\Documents\CityProject\data\val\cardboard\cardboard_00001-1.jpg,cardboard,mixed,0,0.6083
C:\Users\billy\Documents\CityProject\data\val\cardboard\cardboard_00002-1.jpg,cardboard,cardboard,1,0.9906
C:\Users\billy\Documents\CityProject\data\val\cardboard\cardboard_00003-1.jpg,cardboard,cardboard,1,0.7192
C:\Users\billy\Documents\CityProject\data\val\cardboard\cardboard_00004-1.jpg,cardboard,cardboard,1,0.9712
C:\Users\billy\Documents\CityProject\data\val\cardboard\cardboard_00005-1.jpg,cardboard,cardboard,1,0.9670
C:\Users\billy\Documents\CityProject\data\val\cardboard\cardboard_00006-1.jpg,cardboard,cardboard,1,0.9898
C:\Users\billy\Documents\CityProject\data\val\cardboard\cardboard_00007-1.jpg,cardboard,cardboard,1,0.7774
C:\Users\billy\Documents\CityProject\data\val\cardboard\cardboard_00008-1.jpg,cardboard,cardboard,1,0.8240
C:\Users\billy\Documents\CityProject\data\val\cardboard\cardboard_00009-1.jpg,cardboard,cardboard,1,0.9834
C:\Users\billy\Documents\CityProject\data\val\cardboard\cardboard_00010-1.jpg,cardboard,cardboard,1,0.5521
C:\Users\billy\Documents\CityProject\data\val\cardboard\cardboard_00011-1.jpg,cardboard,cardboard,1,0.9893
C:\Users\billy\Documents\CityProject\data\val\cardboard\cardboard_00012-1.jpg,cardboard,cardboard,1,0.9638
C:\Users\billy\Documents\CityProject\data\val\cardboard\cardboard_00013-1.jpg,cardboard,cardboard,1,0.9878
C:\Users\billy\Documents\CityProject\data\val\cardboard\cardboard_00014-1.jpg,cardboard,cardboard,1,0.5445
C:\Users\billy\Documents\CityProject\data\val\cardboard\cardboard_00015-1.jpg,cardboard,cardboard,1,0.9913
C:\Users\billy\Documents\CityProject\data\val\cardboard\cardboard_00016-1.jpg,cardboard,cardboard,1,0.9915
C:\Users\billy\Documents\CityProject\data\val\cardboard\cardboard_00017-1.jpg,cardboard,cardboard,1,0.9923
C:\Users\billy\Documents\CityProject\data\val\cardboard\cardboard_00018-1.jpg,cardboard,cardboard,1,0.9547
C:\Users\billy\Documents\CityProject\data\val\cardboard\cardboard_00019-1.jpg,cardboard,cardboard,1,0.8737
C:\Users\billy\Documents\CityProject\data\val\cardboard\cardboard_00020-1.jpg,cardboard,cardboard,1,0.9861
C:\Users\billy\Documents\CityProject\data\val\cardboard\cardboard_00021-1.jpg,cardboard,cardboard,1,0.7816
C:\Users\billy\Documents\CityProject\data\val\cardboard\cardboard_00022-1.jpg,cardboard,cardboard,1,0.9509
C:\Users\billy\Documents\CityProject\data\val\cardboard\cardboard_00023-1.jpg,cardboard,cardboard,1,0.9773
C:\Users\billy\Documents\CityProject\data\val\cardboard\cardboard_00024-1.jpg,cardboard,cardboard,1,0.9169
C:\Users\billy\Documents\CityProject\data\val\cardboard\cardboard_00025-1.jpg,cardboard,cardboard,1,0.9321
C:\Users\billy\Documents\CityProject\data\val\cardboard\cardboard_00026-1.jpg,cardboard,cardboard,1,0.9816
C:\Users\billy\Documents\CityProject\data\val\cardboard\cardboard_00027-1.jpg,cardboard,cardboard,1,0.9743
C:\Users\billy\Documents\CityProject\data\val\cardboard\cardboard_00028-1.jpg,cardboard,cardboard,1,0.6586
C:\Users\billy\Documents\CityProject\data\val\cardboard\cardboard_00029-1.jpg,cardboard,cardboard,1,0.9827
C:\Users\billy\Documents\CityProject\data\val\cardboard\cardboard_00030-1.jpg,cardboard,cardboard,1,0.8359
C:\Users\billy\Documents\CityProject\data\val\cardboard\cardboard_00031-1.jpg,cardboard,cardboard,1,0.9178
C:\Users\billy\Documents\CityProject\data\val\cardboard\cardboard_00032-1.jpg,cardboard,cardboard,1,0.8063
C:\Users\billy\Documents\CityProject\data\val\cardboard\cardboard_00033-1.jpg,cardboard,cardboard,1,0.8849
C:\Users\billy\Documents\CityProject\data\val\cardboard\cardboard_00034-1.jpg,cardboard,cardboard,1,0.9788
C:\Users\billy\Documents\CityProject\data\val\cardboard\cardboard_00035-1.jpg,cardboard,cardboard,1,0.6595
C:\Users\billy\Documents\CityProject\data\val\cardboard\cardboard_00036-1.jpg,cardboard,cardboard,1,0.9579
C:\Users\billy\Documents\CityProject\data\val\cardboard\cardboard_00037-1.jpg,cardboard,cardboard,1,0.9662
C:\Users\billy\Documents\CityProject\data\val\cardboard\cardboard_00038-1.jpg,cardboard,cardboard,1,0.8982
C:\Users\billy\Documents\CityProject\data\val\cardboard\cardboard_00039-1.jpg,cardboard,cardboard,1,0.9790
C:\Users\billy\Documents\CityProject\data\val\cardboard\cardboard_00040-1.jpg,cardboard,cardboard,1,0.9863
C:\Users\billy\Documents\CityProject\data\val\cardboard\cardboard_00041-1.jpg,cardboard,cardboard,1,0.9891
C:\Users\billy\Documents\CityProject\data\val\cardboard\cardboard_00042-1.jpg,cardboard,cardboard,1,0.7306
C:\Users\billy\Documents\CityProject\data\val\cardboard\cardboard_00043-1.jpg,cardboard,cardboard,1,0.7629
C:\Users\billy\Documents\CityProject\data\val\cardboard\cardboard_00044-1.jpg,cardboard,cardboard,1,0.9588
C:\Users\billy\Documents\CityProject\data\val\cardboard\cardboard_00045-1.jpg,cardboard,cardboard,1,0.9772
C:\Users\billy\Documents\CityProject\data\val\cardboard\cardboard_00046-1.jpg,cardboard,cardboard,1,0.7530
C:\Users\billy\Documents\CityProject\data\val\cardboard\cardboard_00047-1.jpg,cardboard,cardboard,1,0.8595
C:\Users\billy\Documents\CityProject\data\val\cardboard\cardboard_00048-1.jpg,cardboard,cardboard,1,0.8559
C:\Users\billy\Documents\CityProject\data\val\cardboard\cardboard_00049-1.jpg,cardboard,cardboard,1,0.9500
C:\Users\billy\Documents\CityProject\data\val\cardboard\cardboard_00050-1.jpg,cardboard,cardboard,1,0.6846
C:\Users\billy\Documents\CityProject\data\val\cardboard\cardboard_00051-1.jpg,cardboard,cardboard,1,0.9982
C:\Users\billy\Documents\CityProject\data\val\cardboard\cardboard_00052-1.jpg,cardboard,cardboard,1,0.9673
C:\Users\billy\Documents\CityProject\data\val\cardboard\cardboard_00053-1.jpg,cardboard,cardboard,1,0.9880
C:\Users\billy\Documents\CityProject\data\val\cardboard\cardboard_00054-1.jpg,cardboard,cardboard,1,0.7433
C:\Users\billy\Documents\CityProject\data\val\cardboard\cardboard_00055-1.jpg,cardboard,cardboard,1,0.9477
C:\Users\billy\Documents\CityProject\data\val\cardboard\cardboard_00056-1.jpg,cardboard,cardboard,1,0.9723
C:\Users\billy\Documents\CityProject\data\val\cardboard\cardboard_00057-1.jpg,cardboard,cardboard,1,0.9747
C:\Users\billy\Documents\CityProject\data\val\cardboard\cardboard_00058-1.jpg,cardboard,mixed,0,0.5562
C:\Users\billy\Documents\CityProject\data\val\cardboard\cardboard_00059-1.jpg,cardboard,cardboard,1,0.9424
C:\Users\billy\Documents\CityProject\data\val\cardboard\cardboard_00060-1.jpg,cardboard,cardboard,1,0.9382
C:\Users\billy\Documents\CityProject\data\val\cardboard\cardboard_00061-1.jpg,cardboard,mixed,0,0.5572
C:\Users\billy\Documents\CityProject\data\val\cardboard\cardboard_00062-1.jpg,cardboard,cardboard,1,0.9982
C:\Users\billy\Documents\CityProject\data\val\cardboard\cardboard_00063-1.jpg,cardboard,cardboard,1,0.9876
C:\Users\billy\Documents\CityProject\data\val\cardboard\cardboard_00064-1.jpg,cardboard,cardboard,1,0.9850
C:\Users\billy\Documents\CityProject\data\val\cardboard\cardboard_00065-1.jpg,cardboard,cardboard,1,0.9880
C:\Users\billy\Documents\CityProject\data\val\cardboard\cardboard_00066-1.jpg,cardboard,cardboard,1,0.8510
C:\Users\billy\Documents\CityProject\data\val\cardboard\cardboard_00067-1.jpg,cardboard,cardboard,1,0.9971
C:\Users\billy\Documents\CityProject\data\val\cardboard\cardboard_00068-1.jpg,cardboard,cardboard,1,0.8942
C:\Users\billy\Documents\CityProject\data\val\cardboard\cardboard_00069-1.jpg,cardboard,mixed,0,0.7657
C:\Users\billy\Documents\CityProject\data\val\cardboard\cardboard_00070-1.jpg,cardboard,cardboard,1,0.9834
C:\Users\billy\Documents\CityProject\data\val\cardboard\cardboard_00071-1.jpg,cardboard,cardboard,1,0.9715
C:\Users\billy\Documents\CityProject\data\val\cardboard\cardboard_00072-1.jpg,cardboard,cardboard,1,0.7901
C:\Users\billy\Documents\CityProject\data\val\cardboard\cardboard_00073-1.jpg,cardboard,cardboard,1,0.9810
C:\Users\billy\Documents\CityProject\data\val\cardboard\cardboard_00074-1.jpg,cardboard,cardboard,1,0.8464
C:\Users\billy\Documents\CityProject\data\val\cardboard\cardboard_00075-1.jpg,cardboard,cardboard,1,0.9693
C:\Users\billy\Documents\CityProject\data\val\cardboard\cardboard_00076-1.jpg,cardboard,cardboard,1,0.9740
C:\Users\billy\Documents\CityProject\data\val\cardboard\cardboard_00077-1.jpg,cardboard,cardboard,1,0.9910
C:\Users\billy\Documents\CityProject\data\val\cardboard\cardboard_00078-1.jpg,cardboard,cardboard,1,0.9874
C:\Users\billy\Documents\CityProject\data\val\cardboard\cardboard_00079-1.jpg,cardboard,cardboard,1,0.9945
C:\Users\billy\Documents\CityProject\data\val\cardboard\cardboard_00080-1.jpg,cardboard,cardboard,1,0.6905
C:\Users\billy\Documents\CityProject\data\val\cardboard\trash_00004.jpg,cardboard,cardboard,1,0.5375
C:\Users\billy\Documents\CityProject\data\val\mixed\mixed_00001-1.jpg,mixed,mixed,1,0.8306
C:\Users\billy\Documents\CityProject\data\val\mixed\mixed_00002-1.jpg,mixed,mixed,1,0.9047
C:\Users\billy\Documents\CityProject\data\val\mixed\mixed_00003-1.jpg,mixed,mixed,1,0.7025
C:\Users\billy\Documents\CityProject\data\val\mixed\mixed_00004-1.jpg,mixed,mixed,1,0.8706
C:\Users\billy\Documents\CityProject\data\val\mixed\mixed_00005-1.jpg,mixed,mixed,1,0.7501
C:\Users\billy\Documents\CityProject\data\val\mixed\mixed_00006-1.jpg,mixed,cardboard,0,0.7964
C:\Users\billy\Documents\CityProject\data\val\mixed\mixed_00007-1.jpg,mixed,mixed,1,0.5411
C:\Users\billy\Documents\CityProject\data\val\mixed\mixed_00008-1.jpg,mixed,mixed,1,0.5412
C:\Users\billy\Documents\CityProject\data\val\mixed\mixed_00009-1.jpg,mixed,mixed,1,0.9072
C:\Users\billy\Documents\CityProject\data\val\mixed\mixed_00010-1.jpg,mixed,mixed,1,0.8086
C:\Users\billy\Documents\CityProject\data\val\mixed\mixed_00011-1.jpg,mixed,trash,0,0.5391
C:\Users\billy\Documents\CityProject\data\val\mixed\mixed_00012-1.jpg,mixed,mixed,1,0.8470
C:\Users\billy\Documents\CityProject\data\val\mixed\mixed_00013-1.jpg,mixed,mixed,1,0.9090
C:\Users\billy\Documents\CityProject\data\val\mixed\mixed_00014-1.jpg,mixed,mixed,1,0.8965
C:\Users\billy\Documents\CityProject\data\val\mixed\mixed_00015-1.jpg,mixed,mixed,1,0.8699
C:\Users\billy\Documents\CityProject\data\val\mixed\mixed_00016-1.jpg,mixed,mixed,1,0.8008
C:\Users\billy\Documents\CityProject\data\val\mixed\mixed_00017-1.jpg,mixed,mixed,1,0.9566
C:\Users\billy\Documents\CityProject\data\val\mixed\mixed_00018-1.jpg,mixed,mixed,1,0.6880
C:\Users\billy\Documents\CityProject\data\val\mixed\mixed_00019-1.jpg,mixed,mixed,1,0.9846
C:\Users\billy\Documents\CityProject\data\val\mixed\mixed_00022-1.jpg,mixed,mixed,1,0.9625
C:\Users\billy\Documents\CityProject\data\val\mixed\mixed_00023-1.jpg,mixed,mixed,1,0.9241
C:\Users\billy\Documents\CityProject\data\val\mixed\mixed_00024-1.jpg,mixed,trash,0,0.5165
C:\Users\billy\Documents\CityProject\data\val\mixed\mixed_00025-1.jpg,mixed,trash,0,0.5331
C:\Users\billy\Documents\CityProject\data\val\mixed\mixed_00026-1.jpg,mixed,mixed,1,0.5556
C:\Users\billy\Documents\CityProject\data\val\mixed\mixed_00027-1.jpg,mixed,mixed,1,0.8083
C:\Users\billy\Documents\CityProject\data\val\mixed\mixed_00028-1.jpg,mixed,mixed,1,0.7890
C:\Users\billy\Documents\CityProject\data\val\mixed\mixed_00029-1.jpg,mixed,mixed,1,0.7572
C:\Users\billy\Documents\CityProject\data\val\mixed\mixed_00030-1.jpg,mixed,mixed,1,0.8123
C:\Users\billy\Documents\CityProject\data\val\mixed\mixed_00031-1.jpg,mixed,mixed,1,0.8522
C:\Users\billy\Documents\CityProject\data\val\mixed\mixed_00032-1.jpg,mixed,cardboard,0,0.4715
C:\Users\billy\Documents\CityProject\data\val\mixed\mixed_00033-1.jpg,mixed,mixed,1,0.9027
C:\Users\billy\Documents\CityProject\data\val\mixed\mixed_00035-1.jpg,mixed,mixed,1,0.5856
C:\Users\billy\Documents\CityProject\data\val\mixed\mixed_00036-1.jpg,mixed,trash,0,0.6010
C:\Users\billy\Documents\CityProject\data\val\mixed\mixed_00037-1.jpg,mixed,trash,0,0.7645
C:\Users\billy\Documents\CityProject\data\val\mixed\mixed_00038-1.jpg,mixed,mixed,1,0.7307
C:\Users\billy\Documents\CityProject\data\val\mixed\mixed_00040-1.jpg,mixed,mixed,1,0.7589
C:\Users\billy\Documents\CityProject\data\val\mixed\mixed_00042-1.jpg,mixed,mixed,1,0.5110
C:\Users\billy\Documents\CityProject\data\val\mixed\mixed_00043-1.jpg,mixed,mixed,1,0.6570
C:\Users\billy\Documents\CityProject\data\val\mixed\mixed_00044-1.jpg,mixed,mixed,1,0.9005
C:\Users\billy\Documents\CityProject\data\val\mixed\mixed_00045-1.jpg,mixed,mixed,1,0.5295
C:\Users\billy\Documents\CityProject\data\val\mixed\mixed_00046-1.jpg,mixed,mixed,1,0.8835
C:\Users\billy\Documents\CityProject\data\val\mixed\mixed_00047-1.jpg,mixed,mixed,1,0.6713
C:\Users\billy\Documents\CityProject\data\val\mixed\mixed_00048-1.jpg,mixed,cardboard,0,0.5203
C:\Users\billy\Documents\CityProject\data\val\mixed\mixed_00049-1.jpg,mixed,mixed,1,0.7918
C:\Users\billy\Documents\CityProject\data\val\mixed\mixed_00050-1.jpg,mixed,mixed,1,0.9746
C:\Users\billy\Documents\CityProject\data\val\mixed\mixed_00051-1.jpg,mixed,mixed,1,0.4599
C:\Users\billy\Documents\CityProject\data\val\mixed\mixed_00052-1.jpg,mixed,mixed,1,0.6353
C:\Users\billy\Documents\CityProject\data\val\mixed\mixed_00053-1.jpg,mixed,cardboard,0,0.7565
C:\Users\billy\Documents\CityProject\data\val\mixed\mixed_00054-1.jpg,mixed,mixed,1,0.6846
C:\Users\billy\Documents\CityProject\data\val\mixed\mixed_00055-1.jpg,mixed,mixed,1,0.6397
C:\Users\billy\Documents\CityProject\data\val\mixed\mixed_00056-1.jpg,mixed,mixed,1,0.6037
C:\Users\billy\Documents\CityProject\data\val\mixed\mixed_00057-1.jpg,mixed,mixed,1,0.5913
C:\Users\billy\Documents\CityProject\data\val\mixed\mixed_00058-1.jpg,mixed,mixed,1,0.9545
C:\Users\billy\Documents\CityProject\data\val\mixed\mixed_00059-1.jpg,mixed,trash,0,0.4472
C:\Users\billy\Documents\CityProject\data\val\mixed\mixed_00060-1.jpg,mixed,mixed,1,0.4918
C:\Users\billy\Documents\CityProject\data\val\mixed\mixed_00062-1.jpg,mixed,mixed,1,0.6259
C:\Users\billy\Documents\CityProject\data\val\mixed\mixed_00063-1.jpg,mixed,mixed,1,0.8353
C:\Users\billy\Documents\CityProject\data\val\mixed\mixed_00064-1.jpg,mixed,mixed,1,0.9120
C:\Users\billy\Documents\CityProject\data\val\mixed\mixed_00066-1.jpg,mixed,cardboard,0,0.5708
C:\Users\billy\Documents\CityProject\data\val\mixed\mixed_00067-1.jpg,mixed,mixed,1,0.9518
C:\Users\billy\Documents\CityProject\data\val\mixed\mixed_00068-1.jpg,mixed,trash,0,0.5568
C:\Users\billy\Documents\CityProject\data\val\mixed\mixed_00069-1.jpg,mixed,mixed,1,0.9109
C:\Users\billy\Documents\CityProject\data\val\mixed\mixed_00070-1.jpg,mixed,mixed,1,0.7310
C:\Users\billy\Documents\CityProject\data\val\mixed\mixed_00071-1.jpg,mixed,mixed,1,0.8800
C:\Users\billy\Documents\CityProject\data\val\mixed\mixed_00072-1.jpg,mixed,mixed,1,0.6515
C:\Users\billy\Documents\CityProject\data\val\mixed\mixed_00073-1.jpg,mixed,trash,0,0.6720
C:\Users\billy\Documents\CityProject\data\val\mixed\mixed_00074-1.jpg,mixed,mixed,1,0.9582
C:\Users\billy\Documents\CityProject\data\val\mixed\mixed_00075-1.jpg,mixed,mixed,1,0.6934
C:\Users\billy\Documents\CityProject\data\val\mixed\mixed_00076-1.jpg,mixed,mixed,1,0.5349
C:\Users\billy\Documents\CityProject\data\val\mixed\mixed_00077-1.jpg,mixed,mixed,1,0.6944
C:\Users\billy\Documents\CityProject\data\val\mixed\mixed_00078-1.jpg,mixed,mixed,1,0.6535
C:\Users\billy\Documents\CityProject\data\val\mixed\mixed_00079-1.jpg,mixed,mixed,1,0.4033
C:\Users\billy\Documents\CityProject\data\val\mixed\mixed_00080-1.jpg,mixed,mixed,1,0.8217
C:\Users\billy\Documents\CityProject\data\val\mixed\mixed_00081-1.jpg,mixed,mixed,1,0.7535
C:\Users\billy\Documents\CityProject\data\val\mixed\mixed_00082-1.jpg,mixed,mixed,1,0.4631
C:\Users\billy\Documents\CityProject\data\val\mixed\mixed_00083-1.jpg,mixed,mixed,1,0.8365
C:\Users\billy\Documents\CityProject\data\val\mixed\mixed_00084-1.jpg,mixed,trash,0,0.6625
C:\Users\billy\Documents\CityProject\data\val\mixed\mixed_00085-1.jpg,mixed,mixed,1,0.7614
C:\Users\billy\Documents\CityProject\data\val\mixed\mixed_00086-1.jpg,mixed,cardboard,0,0.5567
C:\Users\billy\Documents\CityProject\data\val\mixed\mixed_00087-1.jpg,mixed,mixed,1,0.7199
C:\Users\billy\Documents\CityProject\data\val\mixed\mixed_00088-1.jpg,mixed,mixed,1,0.5100
C:\Users\billy\Documents\CityProject\data\val\mixed\mixed_00089-1.jpg,mixed,mixed,1,0.8393
C:\Users\billy\Documents\CityProject\data\val\mixed\mixed_00090-1.jpg,mixed,mixed,1,0.8785
C:\Users\billy\Documents\CityProject\data\val\mixed\mixed_00091-1.jpg,mixed,mixed,1,0.8532
C:\Users\billy\Documents\CityProject\data\val\mixed\mixed_00092-1.jpg,mixed,mixed,1,0.6016
C:\Users\billy\Documents\CityProject\data\val\mixed\mixed_00093-1.jpg,mixed,mixed,1,0.6885
C:\Users\billy\Documents\CityProject\data\val\mixed\mixed_00095-1.jpg,mixed,mixed,1,0.8748
C:\Users\billy\Documents\CityProject\data\val\mixed\mixed_00096-1.jpg,mixed,mixed,1,0.7656
C:\Users\billy\Documents\CityProject\data\val\mixed\mixed_00097-1.jpg,mixed,trash,0,0.7729
C:\Users\billy\Documents\CityProject\data\val\mixed\mixed_00098-1.jpg,mixed,trash,0,0.6081
C:\Users\billy\Documents\CityProject\data\val\mixed\mixed_00099-1.jpg,mixed,trash,0,0.5761
C:\Users\billy\Documents\CityProject\data\val\mixed\mixed_00100-1.jpg,mixed,mixed,1,0.8940
C:\Users\billy\Documents\CityProject\data\val\mixed\mixed_00101-1.jpg,mixed,mixed,1,0.4608
C:\Users\billy\Documents\CityProject\data\val\mixed\mixed_00102-1.jpg,mixed,mixed,1,0.8776
C:\Users\billy\Documents\CityProject\data\val\mixed\mixed_00103-1.jpg,mixed,mixed,1,0.7331
C:\Users\billy\Documents\CityProject\data\val\mixed\mixed_00104-1.jpg,mixed,mixed,1,0.5578
C:\Users\billy\Documents\CityProject\data\val\mixed\mixed_00105-1.jpg,mixed,trash,0,0.8456
C:\Users\billy\Documents\CityProject\data\val\mixed\mixed_00106-1.jpg,mixed,mixed,1,0.9694
C:\Users\billy\Documents\CityProject\data\val\mixed\mixed_00108-1.jpg,mixed,mixed,1,0.5614
C:\Users\billy\Documents\CityProject\data\val\mixed\mixed_00109-1.jpg,mixed,mixed,1,0.9784
C:\Users\billy\Documents\CityProject\data\val\mixed\mixed_00110-1.jpg,mixed,mixed,1,0.7424
C:\Users\billy\Documents\CityProject\data\val\mixed\mixed_00111-1.jpg,mixed,mixed,1,0.8994
C:\Users\billy\Documents\CityProject\data\val\mixed\mixed_00112-1.jpg,mixed,trash,0,0.7261
C:\Users\billy\Documents\CityProject\data\val\mixed\mixed_00113-1.jpg,mixed,mixed,1,0.7348
C:\Users\billy\Documents\CityProject\data\val\mixed\mixed_00114-1.jpg,mixed,mixed,1,0.4129
C:\Users\billy\Documents\CityProject\data\val\mixed\mixed_00116-1.jpg,mixed,mixed,1,0.8621
C:\Users\billy\Documents\CityProject\data\val\mixed\mixed_00118-1.jpg,mixed,mixed,1,0.8935
C:\Users\billy\Documents\CityProject\data\val\mixed\mixed_00119-1.jpg,mixed,mixed,1,0.7862
C:\Users\billy\Documents\CityProject\data\val\mixed\mixed_00120-1.jpg,mixed,mixed,1,0.7010
C:\Users\billy\Documents\CityProject\data\val\mixed\mixed_00121-1.jpg,mixed,mixed,1,0.8280
C:\Users\billy\Documents\CityProject\data\val\mixed\mixed_00123-1.jpg,mixed,mixed,1,0.7893
C:\Users\billy\Documents\CityProject\data\val\mixed\mixed_00125-1.jpg,mixed,mixed,1,0.7209
C:\Users\billy\Documents\CityProject\data\val\mixed\mixed_00126-1.jpg,mixed,mixed,1,0.5821
C:\Users\billy\Documents\CityProject\data\val\mixed\mixed_00127-1.jpg,mixed,mixed,1,0.7902
C:\Users\billy\Documents\CityProject\data\val\mixed\mixed_00128-1.jpg,mixed,mixed,1,0.7412
C:\Users\billy\Documents\CityProject\data\val\mixed\mixed_00129-1.jpg,mixed,mixed,1,0.4490
C:\Users\billy\Documents\CityProject\data\val\mixed\mixed_00130-1.jpg,mixed,mixed,1,0.7940
C:\Users\billy\Documents\CityProject\data\val\mixed\mixed_00131-1.jpg,mixed,mixed,1,0.6093
C:\Users\billy\Documents\CityProject\data\val\mixed\mixed_00132-1.jpg,mixed,trash,0,0.8422
C:\Users\billy\Documents\CityProject\data\val\mixed\mixed_00133-1.jpg,mixed,cardboard,0,0.6082
C:\Users\billy\Documents\CityProject\data\val\mixed\mixed_00134-1.jpg,mixed,mixed,1,0.9377
C:\Users\billy\Documents\CityProject\data\val\mixed\mixed_00135-1.jpg,mixed,mixed,1,0.7133
C:\Users\billy\Documents\CityProject\data\val\mixed\mixed_00137-1.jpg,mixed,mixed,1,0.8242
C:\Users\billy\Documents\CityProject\data\val\mixed\mixed_00138-1.jpg,mixed,cardboard,0,0.4255
C:\Users\billy\Documents\CityProject\data\val\mixed\mixed_00139-1.jpg,mixed,mixed,1,0.4288
C:\Users\billy\Documents\CityProject\data\val\mixed\mixed_00140-1.jpg,mixed,mixed,1,0.3778
C:\Users\billy\Documents\CityProject\data\val\mixed\mixed_00142-1.jpg,mixed,mixed,1,0.8591
C:\Users\billy\Documents\CityProject\data\val\mixed\mixed_00143-1.jpg,mixed,mixed,1,0.7710
C:\Users\billy\Documents\CityProject\data\val\mixed\mixed_00144-1.jpg,mixed,mixed,1,0.5318
C:\Users\billy\Documents\CityProject\data\val\mixed\mixed_00145-1.jpg,mixed,mixed,1,0.9365
C:\Users\billy\Documents\CityProject\data\val\mixed\mixed_00146-1.jpg,mixed,mixed,1,0.5154
C:\Users\billy\Documents\CityProject\data\val\mixed\mixed_00147-1.jpg,mixed,mixed,1,0.9172
C:\Users\billy\Documents\CityProject\data\val\mixed\mixed_00148-1.jpg,mixed,mixed,1,0.6225
C:\Users\billy\Documents\CityProject\data\val\mixed\mixed_00149-1.jpg,mixed,mixed,1,0.6291
C:\Users\billy\Documents\CityProject\data\val\mixed\mixed_00151-1.jpg,mixed,mixed,1,0.4833
C:\Users\billy\Documents\CityProject\data\val\mixed\mixed_00152-1.jpg,mixed,mixed,1,0.5989
C:\Users\billy\Documents\CityProject\data\val\mixed\mixed_00153-1.jpg,mixed,mixed,1,0.5196
C:\Users\billy\Documents\CityProject\data\val\mixed\mixed_00154-1.jpg,mixed,trash,0,0.4544
C:\Users\billy\Documents\CityProject\data\val\mixed\mixed_00155-1.jpg,mixed,mixed,1,0.6996
C:\Users\billy\Documents\CityProject\data\val\mixed\mixed_00156-1.jpg,mixed,mixed,1,0.4600
C:\Users\billy\Documents\CityProject\data\val\mixed\mixed_00157-1.jpg,mixed,mixed,1,0.4782
C:\Users\billy\Documents\CityProject\data\val\mixed\mixed_00158-1.jpg,mixed,trash,0,0.5393
C:\Users\billy\Documents\CityProject\data\val\mixed\mixed_00159-1.jpg,mixed,mixed,1,0.6144
C:\Users\billy\Documents\CityProject\data\val\mixed\mixed_00160-1.jpg,mixed,mixed,1,0.9720
C:\Users\billy\Documents\CityProject\data\val\mixed\mixed_00161-1.jpg,mixed,mixed,1,0.8995
C:\Users\billy\Documents\CityProject\data\val\mixed\mixed_00162-1.jpg,mixed,mixed,1,0.8384
C:\Users\billy\Documents\CityProject\data\val\mixed\mixed_00163-1.jpg,mixed,mixed,1,0.9233
C:\Users\billy\Documents\CityProject\data\val\mixed\mixed_00164-1.jpg,mixed,mixed,1,0.5069
C:\Users\billy\Documents\CityProject\data\val\mixed\mixed_00165-1.jpg,mixed,mixed,1,0.5705
C:\Users\billy\Documents\CityProject\data\val\mixed\mixed_00166-1.jpg,mixed,trash,0,0.6114
C:\Users\billy\Documents\CityProject\data\val\mixed\mixed_00167-1.jpg,mixed,mixed,1,0.8321
C:\Users\billy\Documents\CityProject\data\val\mixed\mixed_00168-1.jpg,mixed,mixed,1,0.4011
C:\Users\billy\Documents\CityProject\data\val\mixed\mixed_00169-1.jpg,mixed,trash,0,0.7323
C:\Users\billy\Documents\CityProject\data\val\mixed\mixed_00170-1.jpg,mixed,mixed,1,0.8352
C:\Users\billy\Documents\CityProject\data\val\mixed\mixed_00171-1.jpg,mixed,trash,0,0.7518
C:\Users\billy\Documents\CityProject\data\val\mixed\mixed_00172-1.jpg,mixed,mixed,1,0.7826
C:\Users\billy\Documents\CityProject\data\val\mixed\mixed_00173-1.jpg,mixed,cardboard,0,0.5325
C:\Users\billy\Documents\CityProject\data\val\mixed\mixed_00174-1.jpg,mixed,mixed,1,0.5969
C:\Users\billy\Documents\CityProject\data\val\mixed\mixed_00175-1.jpg,mixed,mixed,1,0.4734
C:\Users\billy\Documents\CityProject\data\val\mixed\mixed_00176-1.jpg,mixed,mixed,1,0.6965
C:\Users\billy\Documents\CityProject\data\val\mixed\mixed_00177-1.jpg,mixed,mixed,1,0.7431
C:\Users\billy\Documents\CityProject\data\val\mixed\mixed_00178-1.jpg,mixed,mixed,1,0.7840
C:\Users\billy\Documents\CityProject\data\val\mixed\mixed_00179-1.jpg,mixed,mixed,1,0.5990
C:\Users\billy\Documents\CityProject\data\val\mixed\mixed_00180-1.jpg,mixed,mixed,1,0.8266
C:\Users\billy\Documents\CityProject\data\val\mixed\mixed_00181-1.jpg,mixed,mixed,1,0.8623
C:\Users\billy\Documents\CityProject\data\val\mixed\mixed_00182-1.jpg,mixed,mixed,1,0.8417
C:\Users\billy\Documents\CityProject\data\val\mixed\mixed_00183-1.jpg,mixed,trash,0,0.5591
C:\Users\billy\Documents\CityProject\data\val\mixed\mixed_00184-1.jpg,mixed,trash,0,0.4448
C:\Users\billy\Documents\CityProject\data\val\mixed\mixed_00185-1.jpg,mixed,mixed,1,0.9051
C:\Users\billy\Documents\CityProject\data\val\mixed\mixed_00186-1.jpg,mixed,mixed,1,0.8346
C:\Users\billy\Documents\CityProject\data\val\mixed\mixed_00187-1.jpg,mixed,mixed,1,0.5387
C:\Users\billy\Documents\CityProject\data\val\mixed\mixed_00188-1.jpg,mixed,mixed,1,0.5065
C:\Users\billy\Documents\CityProject\data\val\mixed\mixed_00189-1.jpg,mixed,mixed,1,0.8520
C:\Users\billy\Documents\CityProject\data\val\mixed\mixed_00190-1.jpg,mixed,mixed,1,0.9332
C:\Users\billy\Documents\CityProject\data\val\mixed\mixed_00191-1.jpg,mixed,mixed,1,0.7805
C:\Users\billy\Documents\CityProject\data\val\mixed\mixed_00192-1.jpg,mixed,trash,0,0.9585
C:\Users\billy\Documents\CityProject\data\val\mixed\mixed_00193-1.jpg,mixed,trash,0,0.4548
C:\Users\billy\Documents\CityProject\data\val\mixed\mixed_00194-1.jpg,mixed,mixed,1,0.9183
C:\Users\billy\Documents\CityProject\data\val\mixed\mixed_00195-1.jpg,mixed,mixed,1,0.8537
C:\Users\billy\Documents\CityProject\data\val\mixed\mixed_00196-1.jpg,mixed,mixed,1,0.6831
C:\Users\billy\Documents\CityProject\data\val\mixed\mixed_00197-1.jpg,mixed,mixed,1,0.8308
C:\Users\billy\Documents\CityProject\data\val\mixed\mixed_00198-1.jpg,mixed,cardboard,0,0.5397
C:\Users\billy\Documents\CityProject\data\val\mixed\mixed_00199-1.jpg,mixed,mixed,1,0.9096
C:\Users\billy\Documents\CityProject\data\val\mixed\mixed_00200-1.jpg,mixed,mixed,1,0.6174
C:\Users\billy\Documents\CityProject\data\val\mixed\mixed_00201-1.jpg,mixed,mixed,1,0.9086
C:\Users\billy\Documents\CityProject\data\val\mixed\mixed_00202-1.jpg,mixed,mixed,1,0.8943
C:\Users\billy\Documents\CityProject\data\val\mixed\mixed_00203-1.jpg,mixed,mixed,1,0.8306
C:\Users\billy\Documents\CityProject\data\val\mixed\mixed_00204-1.jpg,mixed,mixed,1,0.6669
C:\Users\billy\Documents\CityProject\data\val\mixed\mixed_00205-1.jpg,mixed,cardboard,0,0.4442
C:\Users\billy\Documents\CityProject\data\val\mixed\mixed_00206-1.jpg,mixed,mixed,1,0.7475
C:\Users\billy\Documents\CityProject\data\val\mixed\mixed_00207-1.jpg,mixed,mixed,1,0.8992
C:\Users\billy\Documents\CityProject\data\val\mixed\mixed_00208-1.jpg,mixed,mixed,1,0.7835
C:\Users\billy\Documents\CityProject\data\val\mixed\mixed_00209-1.jpg,mixed,trash,0,0.7005
C:\Users\billy\Documents\CityProject\data\val\mixed\mixed_00210-1.jpg,mixed,mixed,1,0.7540
C:\Users\billy\Documents\CityProject\data\val\mixed\mixed_00211-1.jpg,mixed,trash,0,0.8637
C:\Users\billy\Documents\CityProject\data\val\mixed\mixed_00212-1.jpg,mixed,mixed,1,0.9390
C:\Users\billy\Documents\CityProject\data\val\mixed\mixed_00213-1.jpg,mixed,mixed,1,0.8188
C:\Users\billy\Documents\CityProject\data\val\mixed\mixed_00214-1.jpg,mixed,mixed,1,0.6612
C:\Users\billy\Documents\CityProject\data\val\mixed\mixed_00215-1.jpg,mixed,mixed,1,0.6035
C:\Users\billy\Documents\CityProject\data\val\mixed\mixed_00216-1.jpg,mixed,trash,0,0.6769
C:\Users\billy\Documents\CityProject\data\val\mixed\mixed_00217-1.jpg,mixed,trash,0,0.5179
C:\Users\billy\Documents\CityProject\data\val\mixed\mixed_00219-1.jpg,mixed,mixed,1,0.7156
C:\Users\billy\Documents\CityProject\data\val\mixed\mixed_00220-1.jpg,mixed,trash,0,0.6226
C:\Users\billy\Documents\CityProject\data\val\mixed\mixed_00221-1.jpg,mixed,mixed,1,0.5721
C:\Users\billy\Documents\CityProject\data\val\mixed\mixed_00222-1.jpg,mixed,mixed,1,0.9326
C:\Users\billy\Documents\CityProject\data\val\mixed\mixed_00223-1.jpg,mixed,trash,0,0.5596
C:\Users\billy\Documents\CityProject\data\val\mixed\mixed_00224-1.jpg,mixed,mixed,1,0.9390
C:\Users\billy\Documents\CityProject\data\val\mixed\mixed_00225-1.jpg,mixed,trash,0,0.5299
C:\Users\billy\Documents\CityProject\data\val\mixed\mixed_00226-1.jpg,mixed,mixed,1,0.7945
C:\Users\billy\Documents\CityProject\data\val\mixed\mixed_00227-1.jpg,mixed,mixed,1,0.4619
C:\Users\billy\Documents\CityProject\data\val\mixed\mixed_00228-1.jpg,mixed,mixed,1,0.7937
C:\Users\billy\Documents\CityProject\data\val\mixed\mixed_00229-1.jpg,mixed,mixed,1,0.9427
C:\Users\billy\Documents\CityProject\data\val\mixed\mixed_00231-1.jpg,mixed,mixed,1,0.9492
C:\Users\billy\Documents\CityProject\data\val\mixed\mixed_00232-1.jpg,mixed,mixed,1,0.4771
C:\Users\billy\Documents\CityProject\data\val\mixed\mixed_00233-1.jpg,mixed,mixed,1,0.8766
C:\Users\billy\Documents\CityProject\data\val\mixed\mixed_00234-1.jpg,mixed,cardboard,0,0.5568
C:\Users\billy\Documents\CityProject\data\val\mixed\mixed_00235-1.jpg,mixed,trash,0,0.7280
C:\Users\billy\Documents\CityProject\data\val\mixed\mixed_00236-1.jpg,mixed,mixed,1,0.9250
C:\Users\billy\Documents\CityProject\data\val\mixed\mixed_00237-1.jpg,mixed,mixed,1,0.7851
C:\Users\billy\Documents\CityProject\data\val\mixed\mixed_00238-1.jpg,mixed,mixed,1,0.7336
C:\Users\billy\Documents\CityProject\data\val\mixed\mixed_00240-1.jpg,mixed,mixed,1,0.8058
C:\Users\billy\Documents\CityProject\data\val\mixed\mixed_00241-1.jpg,mixed,mixed,1,0.5985
C:\Users\billy\Documents\CityProject\data\val\mixed\mixed_00242-1.jpg,mixed,mixed,1,0.8993
C:\Users\billy\Documents\CityProject\data\val\mixed\mixed_00243-1.jpg,mixed,mixed,1,0.8349
C:\Users\billy\Documents\CityProject\data\val\mixed\mixed_00244-1.jpg,mixed,mixed,1,0.9480
C:\Users\billy\Documents\CityProject\data\val\mixed\mixed_00245-1.jpg,mixed,mixed,1,0.8658
C:\Users\billy\Documents\CityProject\data\val\mixed\mixed_00246-1.jpg,mixed,trash,0,0.6219
C:\Users\billy\Documents\CityProject\data\val\mixed\mixed_00247-1.jpg,mixed,mixed,1,0.6863
C:\Users\billy\Documents\CityProject\data\val\mixed\mixed_00248-1.jpg,mixed,mixed,1,0.5019
C:\Users\billy\Documents\CityProject\data\val\mixed\mixed_00249-1.jpg,mixed,mixed,1,0.9284
C:\Users\billy\Documents\CityProject\data\val\mixed\mixed_00250-1.jpg,mixed,mixed,1,0.8878
C:\Users\billy\Documents\CityProject\data\val\mixed\mixed_00252-1.jpg,mixed,mixed,1,0.7569
C:\Users\billy\Documents\CityProject\data\val\mixed\mixed_00253-1.jpg,mixed,trash,0,0.5167
C:\Users\billy\Documents\CityProject\data\val\mixed\mixed_00255-1.jpg,mixed,trash,0,0.6831
C:\Users\billy\Documents\CityProject\data\val\mixed\mixed_00256-1.jpg,mixed,mixed,1,0.9760
C:\Users\billy\Documents\CityProject\data\val\mixed\mixed_00257-1.jpg,mixed,mixed,1,0.7684
C:\Users\billy\Documents\CityProject\data\val\mixed\mixed_00258-1.jpg,mixed,mixed,1,0.6812
C:\Users\billy\Documents\CityProject\data\val\mixed\mixed_00259-1.jpg,mixed,mixed,1,0.4872
C:\Users\billy\Documents\CityProject\data\val\mixed\mixed_00260-1.jpg,mixed,trash,0,0.7378
C:\Users\billy\Documents\CityProject\data\val\mixed\mixed_00261-1.jpg,mixed,mixed,1,0.9098
C:\Users\billy\Documents\CityProject\data\val\mixed\mixed_00262-1.jpg,mixed,mixed,1,0.6556
C:\Users\billy\Documents\CityProject\data\val\mixed\mixed_00264-1.jpg,mixed,mixed,1,0.5516
C:\Users\billy\Documents\CityProject\data\val\mixed\mixed_00266-1.jpg,mixed,mixed,1,0.6309
C:\Users\billy\Documents\CityProject\data\val\mixed\mixed_00267-1.jpg,mixed,mixed,1,0.8535
C:\Users\billy\Documents\CityProject\data\val\mixed\mixed_00268-1.jpg,mixed,mixed,1,0.8574
C:\Users\billy\Documents\CityProject\data\val\mixed\mixed_00269-1.jpg,mixed,mixed,1,0.7589
C:\Users\billy\Documents\CityProject\data\val\mixed\mixed_00270-1.jpg,mixed,mixed,1,0.8773
C:\Users\billy\Documents\CityProject\data\val\mixed\mixed_00271-1.jpg,mixed,mixed,1,0.5688
C:\Users\billy\Documents\CityProject\data\val\mixed\mixed_00272-1.jpg,mixed,mixed,1,0.9464
C:\Users\billy\Documents\CityProject\data\val\mixed\mixed_00273-1.jpg,mixed,trash,0,0.7674
C:\Users\billy\Documents\CityProject\data\val\mixed\mixed_00274-1.jpg,mixed,mixed,1,0.8645
C:\Users\billy\Documents\CityProject\data\val\mixed\mixed_00275-1.jpg,mixed,trash,0,0.6492
C:\Users\billy\Documents\CityProject\data\val\mixed\mixed_00276-1.jpg,mixed,mixed,1,0.8189
C:\Users\billy\Documents\CityProject\data\val\mixed\mixed_00277-1.jpg,mixed,mixed,1,0.7786
C:\Users\billy\Documents\CityProject\data\val\mixed\mixed_00278-1.jpg,mixed,mixed,1,0.6085
C:\Users\billy\Documents\CityProject\data\val\mixed\mixed_00279-1.jpg,mixed,mixed,1,0.7246
C:\Users\billy\Documents\CityProject\data\val\mixed\mixed_00281-1.jpg,mixed,mixed,1,0.6821
C:\Users\billy\Documents\CityProject\data\val\mixed\mixed_00282-1.jpg,mixed,trash,0,0.6410
C:\Users\billy\Documents\CityProject\data\val\mixed\mixed_00283-1.jpg,mixed,mixed,1,0.9331
C:\Users\billy\Documents\CityProject\data\val\mixed\mixed_00284-1.jpg,mixed,mixed,1,0.8914
C:\Users\billy\Documents\CityProject\data\val\mixed\mixed_00285-1.jpg,mixed,trash,0,0.5397
C:\Users\billy\Documents\CityProject\data\val\mixed\mixed_00286-1.jpg,mixed,mixed,1,0.9863
C:\Users\billy\Documents\CityProject\data\val\mixed\mixed_00287-1.jpg,mixed,mixed,1,0.8488
C:\Users\billy\Documents\CityProject\data\val\mixed\mixed_00288-1.jpg,mixed,mixed,1,0.5813
C:\Users\billy\Documents\CityProject\data\val\mixed\mixed_00289-1.jpg,mixed,mixed,1,0.8695
C:\Users\billy\Documents\CityProject\data\val\mixed\mixed_00290-1.jpg,mixed,mixed,1,0.8298
C:\Users\billy\Documents\CityProject\data\val\mixed\mixed_00291-1.jpg,mixed,mixed,1,0.9198
C:\Users\billy\Documents\CityProject\data\val\mixed\mixed_00292-1.jpg,mixed,mixed,1,0.8937
C:\Users\billy\Documents\CityProject\data\val\mixed\mixed_00293-1.jpg,mixed,mixed,1,0.8588
C:\Users\billy\Documents\CityProject\data\val\mixed\mixed_00294-1.jpg,mixed,mixed,1,0.8697
C:\Users\billy\Documents\CityProject\data\val\mixed\mixed_00295-1.jpg,mixed,mixed,1,0.9254
C:\Users\billy\Documents\CityProject\data\val\mixed\mixed_00296-1.jpg,mixed,mixed,1,0.8618
C:\Users\billy\Documents\CityProject\data\val\mixed\trash_00013.jpg,mixed,trash,0,0.4221
C:\Users\billy\Documents\CityProject\data\val\mixed\trash_00020.jpg,mixed,trash,0,0.4279
C:\Users\billy\Documents\CityProject\data\val\mixed\trash_00058.jpg,mixed,cardboard,0,0.3703
C:\Users\billy\Documents\CityProject\data\val\mixed\trash_00059.jpg,mixed,mixed,1,0.5784
C:\Users\billy\Documents\CityProject\data\val\mixed\trash_00089.jpg,mixed,trash,0,0.5386
C:\Users\billy\Documents\CityProject\data\val\mixed\trash_00103.jpg,mixed,mixed,1,0.6194
C:\Users\billy\Documents\CityProject\data\val\trash\mixed_00020.jpg,trash,trash,1,0.9060
C:\Users\billy\Documents\CityProject\data\val\trash\mixed_00021.jpg,trash,trash,1,0.7906
C:\Users\billy\Documents\CityProject\data\val\trash\mixed_00034.jpg,trash,trash,1,0.9026
C:\Users\billy\Documents\CityProject\data\val\trash\mixed_00039.jpg,trash,trash,1,0.9084
C:\Users\billy\Documents\CityProject\data\val\trash\mixed_00041.jpg,trash,trash,1,0.9160
C:\Users\billy\Documents\CityProject\data\val\trash\mixed_00061.jpg,trash,trash,1,0.8913
C:\Users\billy\Documents\CityProject\data\val\trash\mixed_00065.jpg,trash,trash,1,0.8099
C:\Users\billy\Documents\CityProject\data\val\trash\mixed_00094.jpg,trash,trash,1,0.5803
C:\Users\billy\Documents\CityProject\data\val\trash\mixed_00107.jpg,trash,trash,1,0.9485
C:\Users\billy\Documents\CityProject\data\val\trash\mixed_00115.jpg,trash,trash,1,0.9496
C:\Users\billy\Documents\CityProject\data\val\trash\mixed_00117.jpg,trash,trash,1,0.8621
C:\Users\billy\Documents\CityProject\data\val\trash\mixed_00122.jpg,trash,trash,1,0.9514
C:\Users\billy\Documents\CityProject\data\val\trash\mixed_00124.jpg,trash,trash,1,0.9070
C:\Users\billy\Documents\CityProject\data\val\trash\mixed_00136.jpg,trash,mixed,0,0.6098
C:\Users\billy\Documents\CityProject\data\val\trash\mixed_00141.jpg,trash,trash,1,0.6138
C:\Users\billy\Documents\CityProject\data\val\trash\mixed_00150.jpg,trash,trash,1,0.8742
C:\Users\billy\Documents\CityProject\data\val\trash\mixed_00218.jpg,trash,trash,1,0.9148
C:\Users\billy\Documents\CityProject\data\val\trash\mixed_00230.jpg,trash,trash,1,0.8601
C:\Users\billy\Documents\CityProject\data\val\trash\mixed_00239.jpg,trash,trash,1,0.9177
C:\Users\billy\Documents\CityProject\data\val\trash\mixed_00251.jpg,trash,trash,1,0.7490
C:\Users\billy\Documents\CityProject\data\val\trash\mixed_00254.jpg,trash,trash,1,0.9464
C:\Users\billy\Documents\CityProject\data\val\trash\mixed_00263.jpg,trash,trash,1,0.8825
C:\Users\billy\Documents\CityProject\data\val\trash\mixed_00265.jpg,trash,mixed,0,0.4271
C:\Users\billy\Documents\CityProject\data\val\trash\mixed_00280.jpg,trash,trash,1,0.9795
C:\Users\billy\Documents\CityProject\data\val\trash\trash_00001-1.jpg,trash,trash,1,0.8455
C:\Users\billy\Documents\CityProject\data\val\trash\trash_00002-1.jpg,trash,trash,1,0.8260
C:\Users\billy\Documents\CityProject\data\val\trash\trash_00003-1.jpg,trash,cardboard,0,0.5235
C:\Users\billy\Documents\CityProject\data\val\trash\trash_00005-1.jpg,trash,trash,1,0.8974
C:\Users\billy\Documents\CityProject\data\val\trash\trash_00006-1.jpg,trash,trash,1,0.9657
C:\Users\billy\Documents\CityProject\data\val\trash\trash_00007-1.jpg,trash,trash,1,0.4728
C:\Users\billy\Documents\CityProject\data\val\trash\trash_00008-1.jpg,trash,trash,1,0.9525
C:\Users\billy\Documents\CityProject\data\val\trash\trash_00009-1.jpg,trash,trash,1,0.8877
C:\Users\billy\Documents\CityProject\data\val\trash\trash_00010-1.jpg,trash,trash,1,0.7723
C:\Users\billy\Documents\CityProject\data\val\trash\trash_00011-1.jpg,trash,trash,1,0.9502
C:\Users\billy\Documents\CityProject\data\val\trash\trash_00012-1.jpg,trash,trash,1,0.9371
C:\Users\billy\Documents\CityProject\data\val\trash\trash_00014-1.jpg,trash,trash,1,0.9412
C:\Users\billy\Documents\CityProject\data\val\trash\trash_00015-1.jpg,trash,trash,1,0.9092
C:\Users\billy\Documents\CityProject\data\val\trash\trash_00016-1.jpg,trash,trash,1,0.5374
C:\Users\billy\Documents\CityProject\data\val\trash\trash_00017-1.jpg,trash,trash,1,0.8813
C:\Users\billy\Documents\CityProject\data\val\trash\trash_00018-1.jpg,trash,trash,1,0.9106
C:\Users\billy\Documents\CityProject\data\val\trash\trash_00019-1.jpg,trash,trash,1,0.9374
C:\Users\billy\Documents\CityProject\data\val\trash\trash_00021-1.jpg,trash,trash,1,0.9626
C:\Users\billy\Documents\CityProject\data\val\trash\trash_00022-1.jpg,trash,trash,1,0.9101
C:\Users\billy\Documents\CityProject\data\val\trash\trash_00023-1.jpg,trash,trash,1,0.6803
C:\Users\billy\Documents\CityProject\data\val\trash\trash_00024-1.jpg,trash,trash,1,0.9556
C:\Users\billy\Documents\CityProject\data\val\trash\trash_00025-1.jpg,trash,trash,1,0.9242
C:\Users\billy\Documents\CityProject\data\val\trash\trash_00026-1.jpg,trash,trash,1,0.9752
C:\Users\billy\Documents\CityProject\data\val\trash\trash_00027-1.jpg,trash,trash,1,0.5005
C:\Users\billy\Documents\CityProject\data\val\trash\trash_00028-1.jpg,trash,trash,1,0.7436
C:\Users\billy\Documents\CityProject\data\val\trash\trash_00029-1.jpg,trash,trash,1,0.7321
C:\Users\billy\Documents\CityProject\data\val\trash\trash_00030-1.jpg,trash,mixed,0,0.3886
C:\Users\billy\Documents\CityProject\data\val\trash\trash_00031-1.jpg,trash,trash,1,0.7360
C:\Users\billy\Documents\CityProject\data\val\trash\trash_00032-1.jpg,trash,trash,1,0.8170
C:\Users\billy\Documents\CityProject\data\val\trash\trash_00033-1.jpg,trash,trash,1,0.8285
C:\Users\billy\Documents\CityProject\data\val\trash\trash_00034-1.jpg,trash,trash,1,0.9252
C:\Users\billy\Documents\CityProject\data\val\trash\trash_00035-1.jpg,trash,trash,1,0.7097
C:\Users\billy\Documents\CityProject\data\val\trash\trash_00036-1.jpg,trash,trash,1,0.9206
C:\Users\billy\Documents\CityProject\data\val\trash\trash_00037-1.jpg,trash,trash,1,0.8266
C:\Users\billy\Documents\CityProject\data\val\trash\trash_00038-1.jpg,trash,trash,1,0.4389
C:\Users\billy\Documents\CityProject\data\val\trash\trash_00039-1.jpg,trash,trash,1,0.9095
C:\Users\billy\Documents\CityProject\data\val\trash\trash_00040-1.jpg,trash,trash,1,0.9967
C:\Users\billy\Documents\CityProject\data\val\trash\trash_00041-1.jpg,trash,trash,1,0.9618
C:\Users\billy\Documents\CityProject\data\val\trash\trash_00042-1.jpg,trash,trash,1,0.8005
C:\Users\billy\Documents\CityProject\data\val\trash\trash_00043-1.jpg,trash,trash,1,0.9646
C:\Users\billy\Documents\CityProject\data\val\trash\trash_00044-1.jpg,trash,trash,1,0.6346
C:\Users\billy\Documents\CityProject\data\val\trash\trash_00045-1.jpg,trash,mixed,0,0.5640
C:\Users\billy\Documents\CityProject\data\val\trash\trash_00046-1.jpg,trash,trash,1,0.7031
C:\Users\billy\Documents\CityProject\data\val\trash\trash_00047-1.jpg,trash,trash,1,0.9744
C:\Users\billy\Documents\CityProject\data\val\trash\trash_00048-1.jpg,trash,trash,1,0.9397
C:\Users\billy\Documents\CityProject\data\val\trash\trash_00049-1.jpg,trash,trash,1,0.9139
C:\Users\billy\Documents\CityProject\data\val\trash\trash_00050-1.jpg,trash,trash,1,0.9284
C:\Users\billy\Documents\CityProject\data\val\trash\trash_00051-1.jpg,trash,mixed,0,0.6662
C:\Users\billy\Documents\CityProject\data\val\trash\trash_00052-1.jpg,trash,trash,1,0.5679
C:\Users\billy\Documents\CityProject\data\val\trash\trash_00053-1.jpg,trash,trash,1,0.8862
C:\Users\billy\Documents\CityProject\data\val\trash\trash_00054-1.jpg,trash,trash,1,0.8178
C:\Users\billy\Documents\CityProject\data\val\trash\trash_00055-1.jpg,trash,trash,1,0.6066
C:\Users\billy\Documents\CityProject\data\val\trash\trash_00056-1.jpg,trash,trash,1,0.6945
C:\Users\billy\Documents\CityProject\data\val\trash\trash_00057-1.jpg,trash,trash,1,0.9629
C:\Users\billy\Documents\CityProject\data\val\trash\trash_00060-1.jpg,trash,trash,1,0.8043
C:\Users\billy\Documents\CityProject\data\val\trash\trash_00061-1.jpg,trash,trash,1,0.9759
C:\Users\billy\Documents\CityProject\data\val\trash\trash_00062-1.jpg,trash,trash,1,0.5031
C:\Users\billy\Documents\CityProject\data\val\trash\trash_00063-1.jpg,trash,trash,1,0.9510
C:\Users\billy\Documents\CityProject\data\val\trash\trash_00064-1.jpg,trash,trash,1,0.7340
C:\Users\billy\Documents\CityProject\data\val\trash\trash_00065-1.jpg,trash,trash,1,0.8060
C:\Users\billy\Documents\CityProject\data\val\trash\trash_00066-1.jpg,trash,trash,1,0.9435
C:\Users\billy\Documents\CityProject\data\val\trash\trash_00067-1.jpg,trash,trash,1,0.6843
C:\Users\billy\Documents\CityProject\data\val\trash\trash_00068-1.jpg,trash,trash,1,0.9540
C:\Users\billy\Documents\CityProject\data\val\trash\trash_00069-1.jpg,trash,trash,1,0.7783
C:\Users\billy\Documents\CityProject\data\val\trash\trash_00070-1.jpg,trash,trash,1,0.5191
C:\Users\billy\Documents\CityProject\data\val\trash\trash_00071-1.jpg,trash,trash,1,0.9959
C:\Users\billy\Documents\CityProject\data\val\trash\trash_00072-1.jpg,trash,mixed,0,0.8117
C:\Users\billy\Documents\CityProject\data\val\trash\trash_00073-1.jpg,trash,mixed,0,0.5239
C:\Users\billy\Documents\CityProject\data\val\trash\trash_00074-1.jpg,trash,trash,1,0.8407
C:\Users\billy\Documents\CityProject\data\val\trash\trash_00075-1.jpg,trash,trash,1,0.8561
C:\Users\billy\Documents\CityProject\data\val\trash\trash_00076-1.jpg,trash,trash,1,0.9763
C:\Users\billy\Documents\CityProject\data\val\trash\trash_00077-1.jpg,trash,trash,1,0.9030
C:\Users\billy\Documents\CityProject\data\val\trash\trash_00078-1.jpg,trash,trash,1,0.6941
C:\Users\billy\Documents\CityProject\data\val\trash\trash_00079-1.jpg,trash,trash,1,0.5006
C:\Users\billy\Documents\CityProject\data\val\trash\trash_00080-1.jpg,trash,trash,1,0.8269
C:\Users\billy\Documents\CityProject\data\val\trash\trash_00081-1.jpg,trash,trash,1,0.7751
C:\Users\billy\Documents\CityProject\data\val\trash\trash_00082-1.jpg,trash,trash,1,0.9095
C:\Users\billy\Documents\CityProject\data\val\trash\trash_00083-1.jpg,trash,trash,1,0.7180
C:\Users\billy\Documents\CityProject\data\val\trash\trash_00084-1.jpg,trash,trash,1,0.9391
C:\Users\billy\Documents\CityProject\data\val\trash\trash_00085-1.jpg,trash,trash,1,0.9544
C:\Users\billy\Documents\CityProject\data\val\trash\trash_00086-1.jpg,trash,trash,1,0.9071
C:\Users\billy\Documents\CityProject\data\val\trash\trash_00087-1.jpg,trash,trash,1,0.8100
C:\Users\billy\Documents\CityProject\data\val\trash\trash_00088-1.jpg,trash,trash,1,0.6526
C:\Users\billy\Documents\CityProject\data\val\trash\trash_00090-1.jpg,trash,trash,1,0.7032
C:\Users\billy\Documents\CityProject\data\val\trash\trash_00091-1.jpg,trash,trash,1,0.6738
C:\Users\billy\Documents\CityProject\data\val\trash\trash_00092-1.jpg,trash,trash,1,0.8732
C:\Users\billy\Documents\CityProject\data\val\trash\trash_00093-1.jpg,trash,trash,1,0.8464
C:\Users\billy\Documents\CityProject\data\val\trash\trash_00094-1.jpg,trash,trash,1,0.9064
C:\Users\billy\Documents\CityProject\data\val\trash\trash_00095-1.jpg,trash,trash,1,0.5758
C:\Users\billy\Documents\CityProject\data\val\trash\trash_00096-1.jpg,trash,trash,1,0.9555
C:\Users\billy\Documents\CityProject\data\val\trash\trash_00097-1.jpg,trash,cardboard,0,0.7734
C:\Users\billy\Documents\CityProject\data\val\trash\trash_00098-1.jpg,trash,trash,1,0.7995
C:\Users\billy\Documents\CityProject\data\val\trash\trash_00099-1.jpg,trash,trash,1,0.5339
C:\Users\billy\Documents\CityProject\data\val\trash\trash_00100-1.jpg,trash,trash,1,0.6919
C:\Users\billy\Documents\CityProject\data\val\trash\trash_00101-1.jpg,trash,trash,1,0.8665
C:\Users\billy\Documents\CityProject\data\val\trash\trash_00102-1.jpg,trash,trash,1,0.9667
C:\Users\billy\Documents\CityProject\data\val\trash\trash_00104-1.jpg,trash,trash,1,0.9234
C:\Users\billy\Documents\CityProject\data\val\trash\trash_00105-1.jpg,trash,cardboard,0,0.5684
C:\Users\billy\Documents\CityProject\data\val\trash\trash_00106-1.jpg,trash,trash,1,0.9021
C:\Users\billy\Documents\CityProject\data\val\trash\trash_00107-1.jpg,trash,trash,1,0.8429
C:\Users\billy\Documents\CityProject\data\val\trash\trash_00108-1.jpg,trash,trash,1,0.5344
C:\Users\billy\Documents\CityProject\data\val\trash\trash_00109-1.jpg,trash,trash,1,0.9039
C:\Users\billy\Documents\CityProject\data\val\trash\trash_00110-1.jpg,trash,trash,1,0.7306
C:\Users\billy\Documents\CityProject\data\val\trash\trash_00111-1.jpg,trash,mixed,0,0.6672
C:\Users\billy\Documents\CityProject\data\val\trash\trash_00112-1.jpg,trash,trash,1,0.9271
C:\Users\billy\Documents\CityProject\data\val\trash\trash_00113-1.jpg,trash,trash,1,0.9677
C:\Users\billy\Documents\CityProject\data\val\trash\trash_00114-1.jpg,trash,trash,1,0.9517
C:\Users\billy\Documents\CityProject\data\val\trash\trash_00115-1.jpg,trash,trash,1,0.9499
C:\Users\billy\Documents\CityProject\data\val\trash\trash_00116-1.jpg,trash,trash,1,0.5605
C:\Users\billy\Documents\CityProject\data\val\trash\trash_00117-1.jpg,trash,trash,1,0.9405
C:\Users\billy\Documents\CityProject\data\val\trash\trash_00118-1.jpg,trash,cardboard,0,0.5306
C:\Users\billy\Documents\CityProject\data\val\trash\trash_00119-1.jpg,trash,trash,1,0.6646
C:\Users\billy\Documents\CityProject\data\val\trash\trash_00120-1.jpg,trash,trash,1,0.8050
C:\Users\billy\Documents\CityProject\data\val\trash\trash_00121-1.jpg,trash,trash,1,0.6632
C:\Users\billy\Documents\CityProject\data\val\trash\trash_00122-1.jpg,trash,trash,1,0.8975
C:\Users\billy\Documents\CityProject\data\val\trash\trash_00123-1.jpg,trash,trash,1,0.9287
C:\Users\billy\Documents\CityProject\data\val\trash\trash_00124-1.jpg,trash,trash,1,0.7844
C:\Users\billy\Documents\CityProject\data\val\trash\trash_00125-1.jpg,trash,trash,1,0.9065
C:\Users\billy\Documents\CityProject\data\val\trash\trash_00126-1.jpg,trash,trash,1,0.6183
C:\Users\billy\Documents\CityProject\data\val\trash\trash_00127-1.jpg,trash,trash,1,0.8127
